{"cameraMode":{"drawMode":0,"name":"Shaded","section":"Shading Mode"},"sceneLighting":true,"audioPlay":false,"sceneViewState":{"showFog":true,"showMaterialUpdate":false,"showSkybox":true,"showFlares":true,"showImageEffects":true,"showParticleSystems":true},"in2DMode":false,"pivot":{"x":3.0606164932250978,"y":1.3425354957580567,"z":1.7655487060546876},"rotation":{"x":-0.6014270186424255,"y":0.006468840874731541,"z":-0.004870572593063116,"w":-0.798886775970459},"size":34.65064239501953,"orthographic":true}