{"cameraMode":{"drawMode":0,"name":"Shaded","section":"Shading Mode"},"sceneLighting":true,"audioPlay":false,"sceneViewState":{"showFog":true,"showMaterialUpdate":false,"showSkybox":true,"showFlares":true,"showImageEffects":true,"showParticleSystems":true},"in2DMode":false,"pivot":{"x":7.746391296386719,"y":-16.4378662109375,"z":13.639724731445313},"rotation":{"x":-0.6377670764923096,"y":0.0674452856183052,"z":-0.05621184781193733,"w":-0.7652088403701782},"size":36.515647888183597,"orthographic":true}